id_cliente,marca_rec,sku,len_marca_rec,desc_rec,desc_giro,desc_subgiro,categoria_cliente_2,fecha_creacion,antiguedad,new_segment,dias_de_visita__c,periodo_de_visita__c,ultima_visita,cod_compania,cod_sucursal,cod_cliente,cod_modulo,cod_ruta,peso,marca_rec_rank
MX|0030|1510228,AGUA,522353,5,VIDA AGUA PET NO RETORNABLE 625 ML 12,BODEGA Y PARTICULARES,"BODEGAS, TIENDAS",Regular,2016-03-18,old_client,BLINDAR,2,F1,2025-03-25,30,84,1510228,11552,1155,1,1
MX|0030|1517017,AGUA,522353,7,VIDA AGUA PET NO RETORNABLE 625 ML 12,BODEGA Y PARTICULARES,"BODEGAS, TIENDAS",Regular,2016-03-18,old_client,BLINDAR,2,F1,2025-03-25,30,84,1517017,11582,1158,1,1
MX|0030|1524033,ENERGIZANTE,517262,2,VOLT MORA REGULAR LATA 473 ML 15,BODEGA Y PARTICULARES,"BODEGAS, TIENDAS",Regular,2016-03-18,old_client,BLINDAR,2,F1,2025-03-25,30,84,1524033,11582,1158,1,1
MX|0030|1545235,ENERGIZANTE,517262,2,VOLT MORA REGULAR LATA 473 ML 15,BODEGA Y PARTICULARES,"BODEGAS, TIENDAS",Regular,2016-03-22,old_client,DESARROLLAR,2,F1,2025-03-25,30,112,1545235,10652,1065,1,1
MX|0030|1545235,ISOTONICA,516209,2,SPORADE PONCHE DE FRUTAS PET NO RETORNABLE 625 ml 6 pack,BODEGA Y PARTICULARES,"BODEGAS, TIENDAS",Regular,2016-03-22,old_client,DESARROLLAR,2,F1,2025-03-25,30,112,1545235,10652,1065,7,2
MX|0030|1545236,ENERGIZANTE,599212,3,VOLT BLUEBERRY PET NO RETORNABLE 600 ML 12,BODEGA Y PARTICULARES,VENTA EN CASA PARTICULAR,Regular,2016-03-22,old_client,DESARROLLAR,2,F1,2025-03-25,30,112,1545236,10652,1065,1,1
MX|0030|1545236,GASEOSAS,500264,3,BIG COLA REGULAR PET NO RETORNABLE 500 ML 12 PACK,BODEGA Y PARTICULARES,VENTA EN CASA PARTICULAR,Regular,2016-03-22,old_client,DESARROLLAR,2,F1,2025-03-25,30,112,1545236,10652,1065,3,2
MX|0030|1545236,ISOTONICA,515614,3,SPORADE NARANJA PET NO RETORNABLE 625 ML 6,BODEGA Y PARTICULARES,VENTA EN CASA PARTICULAR,Regular,2016-03-22,old_client,DESARROLLAR,2,F1,2025-03-25,30,112,1545236,10652,1065,3,3
MX|0030|1545331,ENERGIZANTE,517140,1,VOLT GUARANA REGULAR LATA 473 ML 15,,"BODEGAS, TIENDAS",Irregular,2016-03-22,old_client,DESARROLLAR,2,F1,2025-03-25,30,112,1545331,10652,1065,1,1
MX|0030|1545337,ENERGIZANTE,517140,1,VOLT GUARANA REGULAR LATA 473 ML 15,,"BODEGAS, TIENDAS",Irregular,2016-03-22,old_client,DESARROLLAR,2,F1,2025-03-25,30,112,1545337,10652,1065,1,1
MX|0030|1545338,ISOTONICA,515614,1,SPORADE NARANJA PET NO RETORNABLE 625 ML 6,,"BODEGAS, TIENDAS",Irregular,2016-03-22,old_client,OPTIMIZAR,2,F1,2025-03-25,30,112,1545338,10652,1065,7,1
MX|0030|1545342,ENERGIZANTE,517262,1,VOLT MORA REGULAR LATA 473 ML 15,,"BODEGAS, TIENDAS",Irregular,2016-03-22,old_client,DESARROLLAR,2,F1,2025-03-25,30,112,1545342,10652,1065,1,1
MX|0030|1545353,AGUA,522355,3,VIDA AGUA PET NO RETORNABLE 3000 ML 6,,"BODEGAS, TIENDAS",Irregular,2016-03-22,old_client,DESARROLLAR,2,F1,2025-03-25,30,112,1545353,10652,1065,1,1
MX|0030|1545353,ENERGIZANTE,599212,3,VOLT BLUEBERRY PET NO RETORNABLE 600 ML 12,,"BODEGAS, TIENDAS",Irregular,2016-03-22,old_client,DESARROLLAR,2,F1,2025-03-25,30,112,1545353,10652,1065,1,2
MX|0030|1545353,ISOTONICA,516209,3,SPORADE PONCHE DE FRUTAS PET NO RETORNABLE 625 ml 6 pack,,"BODEGAS, TIENDAS",Irregular,2016-03-22,old_client,DESARROLLAR,2,F1,2025-03-25,30,112,1545353,10652,1065,7,3
MX|0030|1545360,ENERGIZANTE,517140,1,VOLT GUARANA REGULAR LATA 473 ML 15,,"BODEGAS, TIENDAS",Irregular,2016-03-22,old_client,DESARROLLAR,2,F1,2025-03-25,30,112,1545360,10652,1065,1,1
MX|0030|1545402,ENERGIZANTE,517263,1,VOLT MORA REGULAR PET NO RETORNABLE 400 ML 12,,"BODEGAS, TIENDAS",Irregular,2016-03-22,old_client,DESARROLLAR,2,F1,2025-03-25,30,112,1545402,10652,1065,1,1
MX|0030|1545403,ENERGIZANTE,517262,1,VOLT MORA REGULAR LATA 473 ML 15,,"BODEGAS, TIENDAS",Irregular,2016-03-22,old_client,BLINDAR,2,F1,2025-03-25,30,112,1545403,10652,1065,1,1
MX|0030|1545407,ENERGIZANTE,599228,1,VOLT FRUTOS DEL BOSQUE LATA 473 ML 12,,"BODEGAS, TIENDAS",Irregular,2016-03-22,old_client,OPTIMIZAR,2,F1,2025-03-25,30,112,1545407,10652,1065,1,1
MX|0030|1545408,ENERGIZANTE,599212,1,VOLT BLUEBERRY PET NO RETORNABLE 600 ML 12,,"BODEGAS, TIENDAS",Irregular,2016-03-22,old_client,OPTIMIZAR,2,F1,2025-03-25,30,112,1545408,10652,1065,1,1
MX|0030|1545410,ENERGIZANTE,599212,1,VOLT BLUEBERRY PET NO RETORNABLE 600 ML 12,,"BODEGAS, TIENDAS",Irregular,2016-03-22,old_client,DESARROLLAR,2,F1,2025-03-25,30,112,1545410,10652,1065,1,1
MX|0030|1545426,ENERGIZANTE,517140,1,VOLT GUARANA REGULAR LATA 473 ML 15,,"BODEGAS, TIENDAS",Irregular,2016-03-22,old_client,BLINDAR,2,F1,2025-03-25,30,112,1545426,10652,1065,1,1
MX|0030|1545428,ENERGIZANTE,599212,2,VOLT BLUEBERRY PET NO RETORNABLE 600 ML 12,BODEGA Y PARTICULARES,"BODEGAS, TIENDAS",Regular,2016-03-22,old_client,DESARROLLAR,2,F1,2025-03-25,30,112,1545428,10652,1065,1,1
MX|0030|1545428,ISOTONICA,515614,2,SPORADE NARANJA PET NO RETORNABLE 625 ML 6,BODEGA Y PARTICULARES,"BODEGAS, TIENDAS",Regular,2016-03-22,old_client,DESARROLLAR,2,F1,2025-03-25,30,112,1545428,10652,1065,7,2
MX|0030|1548014,ENERGIZANTE,517262,1,VOLT MORA REGULAR LATA 473 ML 15,,"BODEGAS, TIENDAS",Irregular,2016-03-22,old_client,OPTIMIZAR,2,F1,2025-03-25,30,112,1548014,10652,1065,1,1
MX|0030|1548016,ENERGIZANTE,599228,1,VOLT FRUTOS DEL BOSQUE LATA 473 ML 12,,"BODEGAS, TIENDAS",Irregular,2016-03-22,old_client,OPTIMIZAR,2,F1,2025-03-25,30,112,1548016,10652,1065,1,1
MX|0030|1548017,ENERGIZANTE,599212,1,VOLT BLUEBERRY PET NO RETORNABLE 600 ML 12,,"BODEGAS, TIENDAS",Irregular,2016-03-22,old_client,OPTIMIZAR,2,F1,2025-03-25,30,112,1548017,10652,1065,1,1
MX|0030|1548029,ENERGIZANTE,517262,1,VOLT MORA REGULAR LATA 473 ML 15,,"BODEGAS, TIENDAS",Irregular,2016-03-22,old_client,OPTIMIZAR,2,F1,2025-03-25,30,112,1548029,10652,1065,1,1
MX|0030|1548049,ENERGIZANTE,517263,3,VOLT MORA REGULAR PET NO RETORNABLE 400 ML 12,,"BODEGAS, TIENDAS",Irregular,2016-03-22,old_client,OPTIMIZAR,2,F1,2025-03-25,30,112,1548049,10652,1065,1,1
MX|0030|1548049,GASEOSAS,500264,3,BIG COLA REGULAR PET NO RETORNABLE 500 ML 12 PACK,,"BODEGAS, TIENDAS",Irregular,2016-03-22,old_client,OPTIMIZAR,2,F1,2025-03-25,30,112,1548049,10652,1065,9,2
MX|0030|1548217,ENERGIZANTE,599212,2,VOLT BLUEBERRY PET NO RETORNABLE 600 ML 12,BODEGA Y PARTICULARES,VENTA EN CASA PARTICULAR,Regular,2016-03-22,old_client,OPTIMIZAR,2,F1,2025-03-25,30,112,1548217,10652,1065,1,1
MX|0030|1548229,ENERGIZANTE,599228,2,VOLT FRUTOS DEL BOSQUE LATA 473 ML 12,BODEGA Y PARTICULARES,"BODEGAS, TIENDAS",Regular,2016-03-22,old_client,DESARROLLAR,2,F1,2025-03-25,30,112,1548229,10652,1065,1,1
MX|0030|1548229,ISOTONICA,599565,2,SPORADE UVA PET NO RETORNABLE 625 ML 6,BODEGA Y PARTICULARES,"BODEGAS, TIENDAS",Regular,2016-03-22,old_client,DESARROLLAR,2,F1,2025-03-25,30,112,1548229,10652,1065,7,2
MX|0030|1548244,ENERGIZANTE,599228,1,VOLT FRUTOS DEL BOSQUE LATA 473 ML 12,,"BODEGAS, TIENDAS",Irregular,2016-03-22,old_client,DESARROLLAR,2,F1,2025-03-25,30,112,1548244,10652,1065,1,1
MX|0030|1548253,ENERGIZANTE,517140,1,VOLT GUARANA REGULAR LATA 473 ML 15,,MINIMARKET INDEPENDIENTE,Irregular,2016-03-22,old_client,DESARROLLAR,2,F1,2025-03-25,30,112,1548253,10652,1065,1,1
MX|0030|1548258,ENERGIZANTE,599218,2,VOLT GUARANA PET NO RETORNABLE 600 ML 12,BODEGA Y PARTICULARES,"BODEGAS, TIENDAS",Regular,2016-03-22,old_client,DESARROLLAR,2,F1,2025-03-25,30,112,1548258,10652,1065,1,1
MX|0030|1555758,ENERGIZANTE,517262,1,VOLT MORA REGULAR LATA 473 ML 15,,"BODEGAS, TIENDAS",Irregular,2016-03-22,old_client,OPTIMIZAR,2,F1,2025-03-25,30,112,1555758,10652,1065,1,1
MX|0030|1555762,ENERGIZANTE,517262,1,VOLT MORA REGULAR LATA 473 ML 15,,"BODEGAS, TIENDAS",Irregular,2016-03-22,old_client,OPTIMIZAR,2,F1,2025-03-25,30,112,1555762,10652,1065,1,1
MX|0030|1555825,ENERGIZANTE,599228,1,VOLT FRUTOS DEL BOSQUE LATA 473 ML 12,BODEGA Y PARTICULARES,"BODEGAS, TIENDAS",Regular,2016-03-22,old_client,BLINDAR,2,F1,2025-03-25,30,112,1555825,10652,1065,1,1
MX|0030|1555829,ENERGIZANTE,517262,2,VOLT MORA REGULAR LATA 473 ML 15,BODEGA Y PARTICULARES,"BODEGAS, TIENDAS",Regular,2016-03-22,old_client,DESARROLLAR,2,F1,2025-03-25,30,112,1555829,10652,1065,1,1
MX|0030|1555829,ISOTONICA,598801,2,SPORADE MORA PET NO RETORNABLE 625 ML 6,BODEGA Y PARTICULARES,"BODEGAS, TIENDAS",Regular,2016-03-22,old_client,DESARROLLAR,2,F1,2025-03-25,30,112,1555829,10652,1065,7,2
MX|0030|1559653,ENERGIZANTE,517140,2,VOLT GUARANA REGULAR LATA 473 ML 15,,"BODEGAS, TIENDAS",Irregular,2016-03-22,old_client,BLINDAR,2,F1,2025-03-25,30,112,1559653,10652,1065,1,1
MX|0030|1579667,ENERGIZANTE,517262,6,VOLT MORA REGULAR LATA 473 ML 15,FARMACIAS O BOTICAS,FARMACIAS / BOTICAS INDEPENDIENTES,Regular,2016-04-27,old_client,MANTENER,2,F1,2025-03-25,30,84,1579667,11582,1158,1,1
MX|0030|1579667,CAFE,800060,6,D GUSSTO CAFE SUPREMO VIDRIO NO RETORNABLE 50 GRS 1,FARMACIAS O BOTICAS,FARMACIAS / BOTICAS INDEPENDIENTES,Regular,2016-04-27,old_client,MANTENER,2,F1,2025-03-25,30,84,1579667,11582,1158,2,2
MX|0030|1587636,AGUA,522352,5,VIDA AGUA PET NO RETORNABLE 1000 ML 12,NEGOCIOS INDEPENDIENTES,GIMNASIO TRADICIONAL,Regular,2016-09-21,old_client,MANTENER,2,F1,2025-03-25,30,84,1587636,11582,1158,1,1
MX|0030|1587636,ISOTONICA,598801,5,SPORADE MORA PET NO RETORNABLE 625 ML 6,NEGOCIOS INDEPENDIENTES,GIMNASIO TRADICIONAL,Regular,2016-09-21,old_client,MANTENER,2,F1,2025-03-25,30,84,1587636,11582,1158,1,2
MX|0030|1589747,ENERGIZANTE,522713,2,VOLT UVA LATA 473 ML 12,BODEGA Y PARTICULARES,"BODEGAS, TIENDAS",Regular,2016-11-18,old_client,BLINDAR,2,F1,2025-03-25,30,84,1589747,11552,1155,1,1
MX|0030|1590473,ISOTONICA,599565,6,SPORADE UVA PET NO RETORNABLE 625 ML 6,NEGOCIOS INDEPENDIENTES,GIMNASIO TRADICIONAL,Regular,2016-12-15,old_client,MANTENER,2,F1,2025-03-25,30,84,1590473,11582,1158,1,1
MX|0030|1590473,CAFE,800060,6,D GUSSTO CAFE SUPREMO VIDRIO NO RETORNABLE 50 GRS 1,NEGOCIOS INDEPENDIENTES,GIMNASIO TRADICIONAL,Regular,2016-12-15,old_client,MANTENER,2,F1,2025-03-25,30,84,1590473,11582,1158,2,2
MX|0030|1591386,ENERGIZANTE,522512,8,VOLT PONCHE DE FRUTA LATA 473 ML 12,BODEGA Y PARTICULARES,"BODEGAS, TIENDAS",Regular,2017-02-20,old_client,MANTENER,2,F1,2025-03-25,30,84,1591386,11552,1155,1,1
MX|0030|1591386,CAFE,800060,8,D GUSSTO CAFE SUPREMO VIDRIO NO RETORNABLE 50 GRS 1,BODEGA Y PARTICULARES,"BODEGAS, TIENDAS",Regular,2017-02-20,old_client,MANTENER,2,F1,2025-03-25,30,84,1591386,11552,1155,2,2
MX|0030|1591887,AGUA,522795,7,VIDA AGUA PET NO RETORNABLE 1500 ML 12,BODEGA Y PARTICULARES,"BODEGAS, TIENDAS",Regular,2017-02-20,old_client,OPTIMIZAR,2,F1,2025-03-25,30,84,1591887,11582,1158,1,1
MX|0030|1591887,ENERGIZANTE,517146,7,VOLT GUARANA REGULAR PET NO RETORNABLE 400 ML 12,BODEGA Y PARTICULARES,"BODEGAS, TIENDAS",Regular,2017-02-20,old_client,OPTIMIZAR,2,F1,2025-03-25,30,84,1591887,11582,1158,1,2
MX|0030|1591887,JUGOS LIGEROS,598901,7,CIFRUT NARANJA MANDARINA Y LIMON PET NO RETORNABLE 3030 ML 6,BODEGA Y PARTICULARES,"BODEGAS, TIENDAS",Regular,2017-02-20,old_client,OPTIMIZAR,2,F1,2025-03-25,30,84,1591887,11582,1158,2,3
MX|0030|1591887,ISOTONICA,599587,7,SPORADE MORA PET NO RETORNABLE 1000 ML 6,BODEGA Y PARTICULARES,"BODEGAS, TIENDAS",Regular,2017-02-20,old_client,OPTIMIZAR,2,F1,2025-03-25,30,84,1591887,11582,1158,7,4
MX|0030|1591985,ENERGIZANTE,517263,1,VOLT MORA REGULAR PET NO RETORNABLE 400 ML 12,BODEGA Y PARTICULARES,"BODEGAS, TIENDAS",Regular,2017-02-20,old_client,DESARROLLAR,2,F1,2025-03-25,30,84,1591985,11582,1158,1,1
MX|0030|1592077,ENERGIZANTE,517262,1,VOLT MORA REGULAR LATA 473 ML 15,BODEGA Y PARTICULARES,"BODEGAS, TIENDAS",Regular,2017-02-20,old_client,BLINDAR,2,F1,2025-03-25,30,84,1592077,11552,1155,1,1
MX|0030|1592151,ENERGIZANTE,517262,4,VOLT MORA REGULAR LATA 473 ML 15,BODEGA Y PARTICULARES,"BODEGAS, TIENDAS",Regular,2017-02-20,old_client,MANTENER,2,F1,2025-03-25,30,84,1592151,11552,1155,1,1
MX|0030|1592151,CONSERVA DE PESCADO,800058,4,D GUSSTO ATUN AGUA CON ACEITE LATA 140 GRS 6,BODEGA Y PARTICULARES,"BODEGAS, TIENDAS",Regular,2017-02-20,old_client,MANTENER,2,F1,2025-03-25,30,84,1592151,11552,1155,11,2
MX|0030|1592476,CAFE,76643,5,CAFE LIOFILIZADO D´GUSSTO 6GRM 20 PZAS,BODEGA Y PARTICULARES,MINIMARKET INDEPENDIENTE,Regular,2017-02-20,old_client,MANTENER,2,F1,2025-03-25,30,84,1592476,11582,1158,1,1
MX|0030|1592476,ENERGIZANTE,517262,5,VOLT MORA REGULAR LATA 473 ML 15,BODEGA Y PARTICULARES,MINIMARKET INDEPENDIENTE,Regular,2017-02-20,old_client,MANTENER,2,F1,2025-03-25,30,84,1592476,11582,1158,1,2
MX|0030|1593043,ENERGIZANTE,517262,1,VOLT MORA REGULAR LATA 473 ML 15,,"BODEGAS, TIENDAS",Irregular,2017-02-20,old_client,DESARROLLAR,2,F1,2025-03-25,30,84,1593043,11582,1158,1,1
MX|0030|1593100,ENERGIZANTE,522512,6,VOLT PONCHE DE FRUTA LATA 473 ML 12,BODEGA Y PARTICULARES,"BODEGAS, TIENDAS",Regular,2017-02-20,old_client,MANTENER,2,F1,2025-03-25,30,84,1593100,11582,1158,1,1
MX|0030|1593100,CAFE,800060,6,D GUSSTO CAFE SUPREMO VIDRIO NO RETORNABLE 50 GRS 1,BODEGA Y PARTICULARES,"BODEGAS, TIENDAS",Regular,2017-02-20,old_client,MANTENER,2,F1,2025-03-25,30,84,1593100,11582,1158,2,2
MX|0030|1593110,ENERGIZANTE,517140,2,VOLT GUARANA REGULAR LATA 473 ML 15,BODEGA Y PARTICULARES,"BODEGAS, TIENDAS",Regular,2017-02-20,old_client,BLINDAR,2,F1,2025-03-25,30,84,1593110,11582,1158,1,1
MX|0030|1593894,ENERGIZANTE,517140,2,VOLT GUARANA REGULAR LATA 473 ML 15,BODEGA Y PARTICULARES,"BODEGAS, TIENDAS",Regular,2017-02-20,old_client,DESARROLLAR,2,F1,2025-03-25,30,84,1593894,11552,1155,1,1
MX|0030|1593894,JUGOS LIGEROS,598901,2,CIFRUT NARANJA MANDARINA Y LIMON PET NO RETORNABLE 3030 ML 6,BODEGA Y PARTICULARES,"BODEGAS, TIENDAS",Regular,2017-02-20,old_client,DESARROLLAR,2,F1,2025-03-25,30,84,1593894,11552,1155,2,2
MX|0030|1594181,ENERGIZANTE,522713,3,VOLT UVA LATA 473 ML 12,BODEGA Y PARTICULARES,"BODEGAS, TIENDAS",Regular,2017-02-20,old_client,BLINDAR,2,F1,2025-03-25,30,84,1594181,11582,1158,1,1
MX|0030|1594973,ENERGIZANTE,517262,3,VOLT MORA REGULAR LATA 473 ML 15,BODEGA Y PARTICULARES,"BODEGAS, TIENDAS",Regular,2017-02-20,old_client,BLINDAR,2,F1,2025-03-25,30,84,1594973,11582,1158,1,1
MX|0030|1595125,ENERGIZANTE,517140,3,VOLT GUARANA REGULAR LATA 473 ML 15,BODEGA Y PARTICULARES,"BODEGAS, TIENDAS",Regular,2017-02-20,old_client,BLINDAR,2,F1,2025-03-25,30,84,1595125,11582,1158,1,1
MX|0030|1595394,ENERGIZANTE,522713,1,VOLT UVA LATA 473 ML 12,BODEGA Y PARTICULARES,"BODEGAS, TIENDAS",Regular,2017-02-20,old_client,BLINDAR,2,F1,2025-03-25,30,84,1595394,11582,1158,1,1
MX|0030|1595868,ENERGIZANTE,517262,5,VOLT MORA REGULAR LATA 473 ML 15,BODEGA Y PARTICULARES,"BODEGAS, TIENDAS",Regular,2017-02-20,old_client,BLINDAR,2,F1,2025-03-25,30,84,1595868,11582,1158,1,1
MX|0030|1596125,ENERGIZANTE,517262,1,VOLT MORA REGULAR LATA 473 ML 15,BODEGA Y PARTICULARES,"BODEGAS, TIENDAS",Regular,2017-02-20,old_client,OPTIMIZAR,2,F1,2025-03-25,30,84,1596125,11582,1158,1,1
MX|0030|1596174,ISOTONICA,599587,1,SPORADE MORA PET NO RETORNABLE 1000 ML 6,BODEGA Y PARTICULARES,"BODEGAS, TIENDAS",Regular,2017-02-20,old_client,DESARROLLAR,2,F1,2025-03-25,30,84,1596174,11552,1155,7,1
MX|0030|1597062,ENERGIZANTE,522512,2,VOLT PONCHE DE FRUTA LATA 473 ML 12,BODEGA Y PARTICULARES,MINIMARKET INDEPENDIENTE,Regular,2017-02-20,old_client,DESARROLLAR,2,F1,2025-03-25,30,84,1597062,11552,1155,1,1
MX|0030|1597062,ISOTONICA,598801,2,SPORADE MORA PET NO RETORNABLE 625 ML 6,BODEGA Y PARTICULARES,MINIMARKET INDEPENDIENTE,Regular,2017-02-20,old_client,DESARROLLAR,2,F1,2025-03-25,30,84,1597062,11552,1155,2,2
MX|0030|1597131,ENERGIZANTE,517140,1,VOLT GUARANA REGULAR LATA 473 ML 15,,"BODEGAS, TIENDAS",Irregular,2017-02-20,old_client,OPTIMIZAR,2,F1,2025-03-25,30,84,1597131,11582,1158,1,1
MX|0030|1597327,ENERGIZANTE,517263,3,VOLT MORA REGULAR PET NO RETORNABLE 400 ML 12,LICORERIAS,LICORERIAS,Regular,2017-02-20,old_client,BLINDAR,2,F1,2025-03-25,30,84,1597327,11582,1158,1,1
MX|0030|1597412,ENERGIZANTE,517140,5,VOLT GUARANA REGULAR LATA 473 ML 15,BODEGA Y PARTICULARES,"BODEGAS, TIENDAS",Regular,2017-02-20,old_client,DESARROLLAR,2,F1,2025-03-25,30,84,1597412,11552,1155,1,1
MX|0030|1597412,ISOTONICA,598801,5,SPORADE MORA PET NO RETORNABLE 625 ML 6,BODEGA Y PARTICULARES,"BODEGAS, TIENDAS",Regular,2017-02-20,old_client,DESARROLLAR,2,F1,2025-03-25,30,84,1597412,11552,1155,7,2
MX|0030|1597412,NECTAR,622631,5,PULP MANZANA PET NO RETORNABLE 1000 ML 6,BODEGA Y PARTICULARES,"BODEGAS, TIENDAS",Regular,2017-02-20,old_client,DESARROLLAR,2,F1,2025-03-25,30,84,1597412,11552,1155,8,3
MX|0030|1597552,ENERGIZANTE,517146,4,VOLT GUARANA REGULAR PET NO RETORNABLE 400 ML 12,BODEGA Y PARTICULARES,"BODEGAS, TIENDAS",Regular,2017-02-20,old_client,BLINDAR,2,F1,2025-03-25,30,84,1597552,11552,1155,1,1
MX|0030|1598515,AGUA,522355,6,VIDA AGUA PET NO RETORNABLE 3000 ML 6,BODEGA Y PARTICULARES,"BODEGAS, TIENDAS",Regular,2017-02-20,old_client,MANTENER,2,F1,2025-03-25,30,84,1598515,11552,1155,1,1
MX|0030|1598515,ISOTONICA,599590,6,SPORADE PONCHE DE FRUTA PET NO RETORNABLE 1000 ML 6,BODEGA Y PARTICULARES,"BODEGAS, TIENDAS",Regular,2017-02-20,old_client,MANTENER,2,F1,2025-03-25,30,84,1598515,11552,1155,7,2
MX|0030|1598830,ENERGIZANTE,517262,2,VOLT MORA REGULAR LATA 473 ML 15,BODEGA Y PARTICULARES,"BODEGAS, TIENDAS",Regular,2017-02-20,old_client,BLINDAR,2,F1,2025-03-25,30,84,1598830,11582,1158,1,1
MX|0030|1599470,AGUA,522795,6,VIDA AGUA PET NO RETORNABLE 1500 ML 12,NEGOCIOS INDEPENDIENTES,GIMNASIO TRADICIONAL,Regular,2017-02-20,old_client,MANTENER,2,F1,2025-03-25,30,84,1599470,11582,1158,1,1
MX|0030|1599470,ISOTONICA,599587,6,SPORADE MORA PET NO RETORNABLE 1000 ML 6,NEGOCIOS INDEPENDIENTES,GIMNASIO TRADICIONAL,Regular,2017-02-20,old_client,MANTENER,2,F1,2025-03-25,30,84,1599470,11582,1158,1,2
MX|0030|1599482,ENERGIZANTE,517262,3,VOLT MORA REGULAR LATA 473 ML 15,BODEGA Y PARTICULARES,"BODEGAS, TIENDAS",Regular,2017-02-20,old_client,MANTENER,2,F1,2025-03-25,30,84,1599482,11582,1158,1,1
MX|0030|1599482,ISOTONICA,515614,3,SPORADE NARANJA PET NO RETORNABLE 625 ML 6,BODEGA Y PARTICULARES,"BODEGAS, TIENDAS",Regular,2017-02-20,old_client,MANTENER,2,F1,2025-03-25,30,84,1599482,11582,1158,7,2
MX|0030|1599603,ENERGIZANTE,517140,3,VOLT GUARANA REGULAR LATA 473 ML 15,BODEGA Y PARTICULARES,"BODEGAS, TIENDAS",Regular,2017-02-20,old_client,DESARROLLAR,2,F1,2025-03-25,30,84,1599603,11552,1155,1,1
MX|0030|1599603,NECTAR,522633,3,PULP DURAZNO PET NO RETORNABLE 450 ML 12,BODEGA Y PARTICULARES,"BODEGAS, TIENDAS",Regular,2017-02-20,old_client,DESARROLLAR,2,F1,2025-03-25,30,84,1599603,11552,1155,8,2
MX|0030|1599603,ATUN,800054,3,D GUSSTO ATUN EN AGUA LATA 140 GRS 6,BODEGA Y PARTICULARES,"BODEGAS, TIENDAS",Regular,2017-02-20,old_client,DESARROLLAR,2,F1,2025-03-25,30,84,1599603,11552,1155,10,3
MX|0030|1599618,ENERGIZANTE,599228,4,VOLT FRUTOS DEL BOSQUE LATA 473 ML 12,BODEGA Y PARTICULARES,"BODEGAS, TIENDAS",Regular,2017-02-20,old_client,BLINDAR,2,F1,2025-03-25,30,84,1599618,11552,1155,1,1
MX|0030|1600012,ENERGIZANTE,517262,1,VOLT MORA REGULAR LATA 473 ML 15,,"BODEGAS, TIENDAS",Irregular,2017-02-20,old_client,BLINDAR,2,F1,2025-03-25,30,84,1600012,11552,1155,1,1
MX|0030|1600022,ISOTONICA,515614,5,SPORADE NARANJA PET NO RETORNABLE 625 ML 6,BODEGA Y PARTICULARES,"BODEGAS, TIENDAS",Regular,2017-02-20,old_client,BLINDAR,2,F1,2025-03-25,30,84,1600022,11552,1155,7,1
MX|0030|1600171,ENERGIZANTE,517262,1,VOLT MORA REGULAR LATA 473 ML 15,BODEGA Y PARTICULARES,"BODEGAS, TIENDAS",Regular,2017-02-20,old_client,OPTIMIZAR,2,F1,2025-03-25,30,84,1600171,11582,1158,1,1
MX|0030|1600286,ENERGIZANTE,522512,5,VOLT PONCHE DE FRUTA LATA 473 ML 12,BODEGA Y PARTICULARES,"BODEGAS, TIENDAS",Regular,2017-02-20,old_client,MANTENER,2,F1,2025-03-25,30,84,1600286,11582,1158,1,1
MX|0030|1600286,JUGOS LIGEROS,598901,5,CIFRUT NARANJA MANDARINA Y LIMON PET NO RETORNABLE 3030 ML 6,BODEGA Y PARTICULARES,"BODEGAS, TIENDAS",Regular,2017-02-20,old_client,MANTENER,2,F1,2025-03-25,30,84,1600286,11582,1158,2,2
MX|0030|1600328,ENERGIZANTE,517262,2,VOLT MORA REGULAR LATA 473 ML 15,BODEGA Y PARTICULARES,"BODEGAS, TIENDAS",Regular,2017-02-20,old_client,DESARROLLAR,2,F1,2025-03-25,30,84,1600328,11582,1158,1,1
MX|0030|1600328,ISOTONICA,515614,2,SPORADE NARANJA PET NO RETORNABLE 625 ML 6,BODEGA Y PARTICULARES,"BODEGAS, TIENDAS",Regular,2017-02-20,old_client,DESARROLLAR,2,F1,2025-03-25,30,84,1600328,11582,1158,7,2
MX|0030|1600522,AGUA,522352,5,VIDA AGUA PET NO RETORNABLE 1000 ML 12,,"BODEGAS, TIENDAS",Irregular,2017-02-20,old_client,OPTIMIZAR,2,F1,2025-03-25,30,84,1600522,11552,1155,1,1
MX|0030|1600522,ENERGIZANTE,599228,5,VOLT FRUTOS DEL BOSQUE LATA 473 ML 12,,"BODEGAS, TIENDAS",Irregular,2017-02-20,old_client,OPTIMIZAR,2,F1,2025-03-25,30,84,1600522,11552,1155,1,2
MX|0030|1600522,ISOTONICA,599590,5,SPORADE PONCHE DE FRUTA PET NO RETORNABLE 1000 ML 6,,"BODEGAS, TIENDAS",Irregular,2017-02-20,old_client,OPTIMIZAR,2,F1,2025-03-25,30,84,1600522,11552,1155,7,3
MX|0030|1600522,ATUN,800054,5,D GUSSTO ATUN EN AGUA LATA 140 GRS 6,,"BODEGAS, TIENDAS",Irregular,2017-02-20,old_client,OPTIMIZAR,2,F1,2025-03-25,30,84,1600522,11552,1155,10,4
MX|0030|1601428,ENERGIZANTE,517146,3,VOLT GUARANA REGULAR PET NO RETORNABLE 400 ML 12,BODEGA Y PARTICULARES,"BODEGAS, TIENDAS",Regular,2017-02-20,old_client,BLINDAR,2,F1,2025-03-25,30,84,1601428,11582,1158,1,1
MX|0030|1601463,ENERGIZANTE,517262,5,VOLT MORA REGULAR LATA 473 ML 15,BODEGA Y PARTICULARES,"BODEGAS, TIENDAS",Regular,2017-02-20,old_client,DESARROLLAR,2,F1,2025-03-25,30,84,1601463,11582,1158,1,1
MX|0030|1601463,CAFE,800060,5,D GUSSTO CAFE SUPREMO VIDRIO NO RETORNABLE 50 GRS 1,BODEGA Y PARTICULARES,"BODEGAS, TIENDAS",Regular,2017-02-20,old_client,DESARROLLAR,2,F1,2025-03-25,30,84,1601463,11582,1158,2,2
MX|0030|1601463,ISOTONICA,599587,5,SPORADE MORA PET NO RETORNABLE 1000 ML 6,BODEGA Y PARTICULARES,"BODEGAS, TIENDAS",Regular,2017-02-20,old_client,DESARROLLAR,2,F1,2025-03-25,30,84,1601463,11582,1158,7,3
MX|0030|1602678,AGUA,522355,3,VIDA AGUA PET NO RETORNABLE 3000 ML 6,BODEGA Y PARTICULARES,"BODEGAS, TIENDAS",Regular,2017-02-20,old_client,BLINDAR,2,F1,2025-03-25,30,84,1602678,11552,1155,1,1
MX|0030|1603433,ENERGIZANTE,517146,2,VOLT GUARANA REGULAR PET NO RETORNABLE 400 ML 12,BODEGA Y PARTICULARES,"BODEGAS, TIENDAS",Regular,2017-02-20,old_client,DESARROLLAR,2,F1,2025-03-25,30,84,1603433,11582,1158,1,1
MX|0030|1603695,ENERGIZANTE,517262,2,VOLT MORA REGULAR LATA 473 ML 15,,"BODEGAS, TIENDAS",Irregular,2017-02-20,old_client,OPTIMIZAR,2,F1,2025-03-25,30,84,1603695,11552,1155,1,1
MX|0030|1603695,ISOTONICA,599590,2,SPORADE PONCHE DE FRUTA PET NO RETORNABLE 1000 ML 6,,"BODEGAS, TIENDAS",Irregular,2017-02-20,old_client,OPTIMIZAR,2,F1,2025-03-25,30,84,1603695,11552,1155,7,2
MX|0030|1603894,ENERGIZANTE,522512,2,VOLT PONCHE DE FRUTA LATA 473 ML 12,BODEGA Y PARTICULARES,"BODEGAS, TIENDAS",Regular,2017-02-20,old_client,BLINDAR,2,F1,2025-03-25,30,84,1603894,11552,1155,1,1
MX|0030|1603902,ENERGIZANTE,522512,1,VOLT PONCHE DE FRUTA LATA 473 ML 12,BODEGA Y PARTICULARES,"BODEGAS, TIENDAS",Regular,2017-02-20,old_client,BLINDAR,2,F1,2025-03-25,30,84,1603902,11552,1155,1,1
MX|0030|1604087,ENERGIZANTE,517140,5,VOLT GUARANA REGULAR LATA 473 ML 15,BODEGA Y PARTICULARES,"BODEGAS, TIENDAS",Regular,2017-02-20,old_client,BLINDAR,2,F1,2025-03-25,30,84,1604087,11552,1155,1,1
MX|0030|1604105,ENERGIZANTE,517262,1,VOLT MORA REGULAR LATA 473 ML 15,BODEGA Y PARTICULARES,"BODEGAS, TIENDAS",Regular,2017-02-20,old_client,OPTIMIZAR,2,F1,2025-03-25,30,84,1604105,11552,1155,1,1
MX|0030|1604440,ENERGIZANTE,517140,2,VOLT GUARANA REGULAR LATA 473 ML 15,BODEGA Y PARTICULARES,"BODEGAS, TIENDAS",Regular,2017-02-20,old_client,OPTIMIZAR,2,F1,2025-03-25,30,84,1604440,11582,1158,1,1
MX|0030|1604698,ENERGIZANTE,517140,3,VOLT GUARANA REGULAR LATA 473 ML 15,BODEGA Y PARTICULARES,"BODEGAS, TIENDAS",Regular,2017-02-20,old_client,BLINDAR,2,F1,2025-03-25,30,84,1604698,11582,1158,1,1
MX|0030|1605229,ENERGIZANTE,522512,2,VOLT PONCHE DE FRUTA LATA 473 ML 12,BODEGA Y PARTICULARES,"BODEGAS, TIENDAS",Regular,2017-02-20,old_client,BLINDAR,2,F1,2025-03-25,30,84,1605229,11552,1155,1,1
MX|0030|1626537,ISOTONICA,599565,3,SPORADE UVA PET NO RETORNABLE 625 ML 6,NEGOCIOS INDEPENDIENTES,RESTAURANT TRADICIONAL,Regular,2017-04-28,old_client,OPTIMIZAR,2,F1,2025-03-25,30,84,1626537,11552,1155,8,1
MX|0030|1638644,AGUA,522795,6,VIDA AGUA PET NO RETORNABLE 1500 ML 12,BODEGA Y PARTICULARES,"BODEGAS, TIENDAS",Regular,2017-08-09,old_client,OPTIMIZAR,2,F1,2025-03-25,30,84,1638644,11582,1158,1,1
MX|0030|1638644,ENERGIZANTE,517146,6,VOLT GUARANA REGULAR PET NO RETORNABLE 400 ML 12,BODEGA Y PARTICULARES,"BODEGAS, TIENDAS",Regular,2017-08-09,old_client,OPTIMIZAR,2,F1,2025-03-25,30,84,1638644,11582,1158,1,2
MX|0030|1638644,ISOTONICA,598801,6,SPORADE MORA PET NO RETORNABLE 625 ML 6,BODEGA Y PARTICULARES,"BODEGAS, TIENDAS",Regular,2017-08-09,old_client,OPTIMIZAR,2,F1,2025-03-25,30,84,1638644,11582,1158,7,3
MX|0030|1638644,NECTAR,522633,6,PULP DURAZNO PET NO RETORNABLE 450 ML 12,BODEGA Y PARTICULARES,"BODEGAS, TIENDAS",Regular,2017-08-09,old_client,OPTIMIZAR,2,F1,2025-03-25,30,84,1638644,11582,1158,8,4
MX|0030|1638645,ENERGIZANTE,517262,1,VOLT MORA REGULAR LATA 473 ML 15,,"BODEGAS, TIENDAS",Irregular,2017-08-09,old_client,OPTIMIZAR,2,F1,2025-03-25,30,84,1638645,11582,1158,1,1
MX|0030|1638646,ENERGIZANTE,517297,6,VOLT RED LATA 473 ML 12 PACK,NEGOCIOS INDEPENDIENTES,RESTAURANT TRADICIONAL,Regular,2017-08-09,old_client,OPTIMIZAR,2,F1,2025-03-25,30,84,1638646,11582,1158,1,1
MX|0030|1638646,AGUA,522795,6,VIDA AGUA PET NO RETORNABLE 1500 ML 12,NEGOCIOS INDEPENDIENTES,RESTAURANT TRADICIONAL,Regular,2017-08-09,old_client,OPTIMIZAR,2,F1,2025-03-25,30,84,1638646,11582,1158,2,2
MX|0030|1638646,GASEOSAS,500354,6,BIG COLA 0.911ml PET NO RETORNABLE 12 PACK,NEGOCIOS INDEPENDIENTES,RESTAURANT TRADICIONAL,Regular,2017-08-09,old_client,OPTIMIZAR,2,F1,2025-03-25,30,84,1638646,11582,1158,3,3
MX|0030|1638646,ISOTONICA,599565,6,SPORADE UVA PET NO RETORNABLE 625 ML 6,NEGOCIOS INDEPENDIENTES,RESTAURANT TRADICIONAL,Regular,2017-08-09,old_client,OPTIMIZAR,2,F1,2025-03-25,30,84,1638646,11582,1158,8,4
MX|0030|1638648,ENERGIZANTE,517263,5,VOLT MORA REGULAR PET NO RETORNABLE 400 ML 12,NEGOCIOS DE ALIMENTOS ESPECIALIZADOS,FRUTERIAS/VERDULERIAS,Regular,2017-08-09,old_client,BLINDAR,2,F1,2025-03-25,30,84,1638648,11582,1158,1,1
MX|0030|1639143,ENERGIZANTE,517140,1,VOLT GUARANA REGULAR LATA 473 ML 15,BODEGA Y PARTICULARES,"BODEGAS, TIENDAS",Regular,2017-08-25,old_client,OPTIMIZAR,2,F1,2025-03-25,30,84,1639143,11582,1158,1,1
MX|0030|1639144,ENERGIZANTE,517297,7,VOLT RED LATA 473 ML 12 PACK,BODEGA Y PARTICULARES,"BODEGAS, TIENDAS",Regular,2017-08-25,old_client,BLINDAR,2,F1,2025-03-25,30,84,1639144,11582,1158,1,1
MX|0030|1639148,ENERGIZANTE,517263,1,VOLT MORA REGULAR PET NO RETORNABLE 400 ML 12,BODEGA Y PARTICULARES,"BODEGAS, TIENDAS",Regular,2017-08-25,old_client,OPTIMIZAR,2,F1,2025-03-25,30,84,1639148,11582,1158,1,1
MX|0030|1639149,ISOTONICA,599565,7,SPORADE UVA PET NO RETORNABLE 625 ML 6,NEGOCIOS INDEPENDIENTES,GIMNASIO TRADICIONAL,Regular,2017-08-25,old_client,MANTENER,2,F1,2025-03-25,30,84,1639149,11582,1158,1,1
MX|0030|1639149,CAFE,76643,7,CAFE LIOFILIZADO D´GUSSTO 6GRM 20 PZAS,NEGOCIOS INDEPENDIENTES,GIMNASIO TRADICIONAL,Regular,2017-08-25,old_client,MANTENER,2,F1,2025-03-25,30,84,1639149,11582,1158,2,2
MX|0030|1639154,ENERGIZANTE,517262,1,VOLT MORA REGULAR LATA 473 ML 15,BODEGA Y PARTICULARES,"BODEGAS, TIENDAS",Regular,2017-08-25,old_client,DESARROLLAR,2,F1,2025-03-25,30,84,1639154,11552,1155,1,1
MX|0030|1639156,ENERGIZANTE,517262,2,VOLT MORA REGULAR LATA 473 ML 15,BODEGA Y PARTICULARES,"BODEGAS, TIENDAS",Regular,2017-08-25,old_client,BLINDAR,2,F1,2025-03-25,30,84,1639156,11552,1155,1,1
MX|0030|1685442,ENERGIZANTE,517297,3,VOLT RED LATA 473 ML 12 PACK,BODEGA Y PARTICULARES,"BODEGAS, TIENDAS",Regular,2019-02-01,old_client,BLINDAR,2,F1,2025-03-25,30,112,1685442,10652,1065,1,1
MX|0030|1705924,AGUA,522352,3,VIDA AGUA PET NO RETORNABLE 1000 ML 12,BODEGA Y PARTICULARES,"BODEGAS, TIENDAS",Regular,2019-07-18,old_client,MANTENER,2,F1,2025-03-25,30,84,1705924,11582,1158,1,1
MX|0030|1705924,ENERGIZANTE,517263,3,VOLT MORA REGULAR PET NO RETORNABLE 400 ML 12,BODEGA Y PARTICULARES,"BODEGAS, TIENDAS",Regular,2019-07-18,old_client,MANTENER,2,F1,2025-03-25,30,84,1705924,11582,1158,1,2
MX|0030|1705926,AGUA,522355,1,VIDA AGUA PET NO RETORNABLE 3000 ML 6,BODEGA Y PARTICULARES,"BODEGAS, TIENDAS",Regular,2019-07-18,old_client,OPTIMIZAR,2,F1,2025-03-25,30,84,1705926,11582,1158,1,1
MX|0030|1705928,AGUA,522795,4,VIDA AGUA PET NO RETORNABLE 1500 ML 12,NEGOCIOS INDEPENDIENTES,GIMNASIO TRADICIONAL,Regular,2019-07-18,old_client,MANTENER,2,F1,2025-03-25,30,84,1705928,11582,1158,1,1
MX|0030|1705928,ISOTONICA,599587,4,SPORADE MORA PET NO RETORNABLE 1000 ML 6,NEGOCIOS INDEPENDIENTES,GIMNASIO TRADICIONAL,Regular,2019-07-18,old_client,MANTENER,2,F1,2025-03-25,30,84,1705928,11582,1158,1,2
MX|0030|1705936,AGUA,522795,2,VIDA AGUA PET NO RETORNABLE 1500 ML 12,BODEGA Y PARTICULARES,"BODEGAS, TIENDAS",Regular,2019-07-18,old_client,OPTIMIZAR,2,F1,2025-03-25,30,84,1705936,11552,1155,1,1
MX|0030|1705939,AGUA,522795,3,VIDA AGUA PET NO RETORNABLE 1500 ML 12,BODEGA Y PARTICULARES,"BODEGAS, TIENDAS",Regular,2019-07-18,old_client,OPTIMIZAR,2,F1,2025-03-25,30,84,1705939,11552,1155,1,1
MX|0030|1705939,ENERGIZANTE,522512,3,VOLT PONCHE DE FRUTA LATA 473 ML 12,BODEGA Y PARTICULARES,"BODEGAS, TIENDAS",Regular,2019-07-18,old_client,OPTIMIZAR,2,F1,2025-03-25,30,84,1705939,11552,1155,1,2
MX|0030|1705939,ISOTONICA,599590,3,SPORADE PONCHE DE FRUTA PET NO RETORNABLE 1000 ML 6,BODEGA Y PARTICULARES,"BODEGAS, TIENDAS",Regular,2019-07-18,old_client,OPTIMIZAR,2,F1,2025-03-25,30,84,1705939,11552,1155,7,3
MX|0030|1708734,CAFE,800060,6,D GUSSTO CAFE SUPREMO VIDRIO NO RETORNABLE 50 GRS 1,BODEGA Y PARTICULARES,MINIMARKET INDEPENDIENTE,Regular,2019-08-16,old_client,BLINDAR,2,F1,2025-03-25,30,84,1708734,11582,1158,1,1
MX|0030|1721106,ENERGIZANTE,517262,1,VOLT MORA REGULAR LATA 473 ML 15,,"BODEGAS, TIENDAS",Irregular,2019-09-02,old_client,OPTIMIZAR,2,F1,2025-03-25,30,112,1721106,10652,1065,1,1
MX|0030|1722568,AGUA,522352,1,VIDA AGUA PET NO RETORNABLE 1000 ML 12,BODEGA Y PARTICULARES,"BODEGAS, TIENDAS",Regular,2019-10-30,old_client,OPTIMIZAR,2,F1,2025-03-25,30,84,1722568,11582,1158,1,1
MX|0030|1722688,ENERGIZANTE,517146,2,VOLT GUARANA REGULAR PET NO RETORNABLE 400 ML 12,BODEGA Y PARTICULARES,"BODEGAS, TIENDAS",Regular,2019-11-05,old_client,BLINDAR,2,F1,2025-03-25,30,84,1722688,11582,1158,1,1
MX|0030|1723602,ENERGIZANTE,522713,1,VOLT UVA LATA 473 ML 12,NEGOCIOS INDEPENDIENTES,GIMNASIO TRADICIONAL,Regular,2019-12-06,old_client,OPTIMIZAR,2,F1,2025-03-25,30,84,1723602,11552,1155,2,1
MX|0030|1723603,ENERGIZANTE,522713,1,VOLT UVA LATA 473 ML 12,BODEGA Y PARTICULARES,"BODEGAS, TIENDAS",Regular,2019-12-06,old_client,DESARROLLAR,2,F1,2025-03-25,30,84,1723603,11552,1155,1,1
MX|0030|1723604,AGUA,522352,9,VIDA AGUA PET NO RETORNABLE 1000 ML 12,BODEGA Y PARTICULARES,"BODEGAS, TIENDAS",Regular,2019-12-06,old_client,MANTENER,2,F1,2025-03-25,30,84,1723604,11552,1155,1,1
MX|0030|1723604,ENERGIZANTE,522512,9,VOLT PONCHE DE FRUTA LATA 473 ML 12,BODEGA Y PARTICULARES,"BODEGAS, TIENDAS",Regular,2019-12-06,old_client,MANTENER,2,F1,2025-03-25,30,84,1723604,11552,1155,1,2
MX|0030|1739008,AGUA,522355,2,VIDA AGUA PET NO RETORNABLE 3000 ML 6,BODEGA Y PARTICULARES,"BODEGAS, TIENDAS",Regular,2020-08-25,old_client,OPTIMIZAR,2,F1,2025-03-25,30,112,1739008,10652,1065,1,1
MX|0030|1739792,AGUA,522353,7,VIDA AGUA PET NO RETORNABLE 625 ML 12,BODEGA Y PARTICULARES,MODULO/PUESTO MOVIL,Regular,2020-09-02,old_client,MANTENER,2,F1,2025-03-25,30,84,1739792,11552,1155,1,1
MX|0030|1739792,ENERGIZANTE,522713,7,VOLT UVA LATA 473 ML 12,BODEGA Y PARTICULARES,MODULO/PUESTO MOVIL,Regular,2020-09-02,old_client,MANTENER,2,F1,2025-03-25,30,84,1739792,11552,1155,1,2
MX|0030|1739795,AGUA,522795,9,VIDA AGUA PET NO RETORNABLE 1500 ML 12,BODEGA Y PARTICULARES,"BODEGAS, TIENDAS",Regular,2020-09-02,old_client,MANTENER,2,F1,2025-03-25,30,84,1739795,11552,1155,1,1
MX|0030|1739795,ENERGIZANTE,517140,9,VOLT GUARANA REGULAR LATA 473 ML 15,BODEGA Y PARTICULARES,"BODEGAS, TIENDAS",Regular,2020-09-02,old_client,MANTENER,2,F1,2025-03-25,30,84,1739795,11552,1155,1,2
MX|0030|1740576,ENERGIZANTE,517263,2,VOLT MORA REGULAR PET NO RETORNABLE 400 ML 12,BODEGA Y PARTICULARES,MINIMARKET INDEPENDIENTE,Regular,2020-09-02,old_client,DESARROLLAR,2,F1,2025-03-25,30,84,1740576,11582,1158,1,1
MX|0030|1740576,ISOTONICA,599587,2,SPORADE MORA PET NO RETORNABLE 1000 ML 6,BODEGA Y PARTICULARES,MINIMARKET INDEPENDIENTE,Regular,2020-09-02,old_client,DESARROLLAR,2,F1,2025-03-25,30,84,1740576,11582,1158,2,2
MX|0030|1744042,ENERGIZANTE,517140,3,VOLT GUARANA REGULAR LATA 473 ML 15,BODEGA Y PARTICULARES,"BODEGAS, TIENDAS",Regular,2020-11-03,old_client,BLINDAR,2,F1,2025-03-25,30,84,1744042,11552,1155,1,1
MX|0030|1751094,ISOTONICA,599590,1,SPORADE PONCHE DE FRUTA PET NO RETORNABLE 1000 ML 6,BODEGA Y PARTICULARES,"BODEGAS, TIENDAS",Regular,2021-03-31,old_client,OPTIMIZAR,2,F1,2025-03-25,30,84,1751094,11552,1155,7,1
MX|0030|1764946,ENERGIZANTE,517262,1,VOLT MORA REGULAR LATA 473 ML 15,,"BODEGAS, TIENDAS",Irregular,2021-07-09,old_client,DESARROLLAR,2,F1,2025-03-25,30,112,1764946,10652,1065,1,1
MX|0030|1770183,ENERGIZANTE,517262,2,VOLT MORA REGULAR LATA 473 ML 15,BODEGA Y PARTICULARES,"BODEGAS, TIENDAS",Regular,2021-11-04,old_client,OPTIMIZAR,2,F1,2025-03-25,30,84,1770183,11582,1158,1,1
MX|0030|1778753,ENERGIZANTE,517262,1,VOLT MORA REGULAR LATA 473 ML 15,,"BODEGAS, TIENDAS",Irregular,2022-01-19,old_client,DESARROLLAR,2,F1,2025-03-25,30,112,1778753,10652,1065,1,1
MX|0030|1778778,ENERGIZANTE,599228,1,VOLT FRUTOS DEL BOSQUE LATA 473 ML 12,BODEGA Y PARTICULARES,"BODEGAS, TIENDAS",Regular,2022-01-19,old_client,BLINDAR,2,F1,2025-03-25,30,112,1778778,10652,1065,1,1
MX|0030|1778782,ENERGIZANTE,599218,2,VOLT GUARANA PET NO RETORNABLE 600 ML 12,BODEGA Y PARTICULARES,MODULO/PUESTO MOVIL,Regular,2022-01-19,old_client,OPTIMIZAR,2,F1,2025-03-25,30,112,1778782,10652,1065,1,1
MX|0030|1778783,ENERGIZANTE,599212,2,VOLT BLUEBERRY PET NO RETORNABLE 600 ML 12,BODEGA Y PARTICULARES,MODULO/PUESTO MOVIL,Regular,2022-01-19,old_client,OPTIMIZAR,2,F1,2025-03-25,30,112,1778783,10652,1065,1,1
MX|0030|1778783,ISOTONICA,516209,2,SPORADE PONCHE DE FRUTAS PET NO RETORNABLE 625 ml 6 pack,BODEGA Y PARTICULARES,MODULO/PUESTO MOVIL,Regular,2022-01-19,old_client,OPTIMIZAR,2,F1,2025-03-25,30,112,1778783,10652,1065,3,2
MX|0030|1791790,ENERGIZANTE,517262,3,VOLT MORA REGULAR LATA 473 ML 15,BODEGA Y PARTICULARES,"BODEGAS, TIENDAS",Regular,2022-08-16,old_client,OPTIMIZAR,2,F1,2025-03-25,30,112,1791790,10742,1074,1,1
MX|0030|1791790,NECTAR,522633,3,PULP DURAZNO PET NO RETORNABLE 450 ML 12,BODEGA Y PARTICULARES,"BODEGAS, TIENDAS",Regular,2022-08-16,old_client,OPTIMIZAR,2,F1,2025-03-25,30,112,1791790,10742,1074,8,2
MX|0030|1791790,ATUN,800054,3,D GUSSTO ATUN EN AGUA LATA 140 GRS 6,BODEGA Y PARTICULARES,"BODEGAS, TIENDAS",Regular,2022-08-16,old_client,OPTIMIZAR,2,F1,2025-03-25,30,112,1791790,10742,1074,10,3
MX|0030|1791962,ENERGIZANTE,522713,1,VOLT UVA LATA 473 ML 12,BODEGA Y PARTICULARES,"BODEGAS, TIENDAS",Regular,2022-08-16,old_client,OPTIMIZAR,2,F1,2025-03-25,30,112,1791962,10742,1074,1,1
MX|0030|1792113,ENERGIZANTE,517262,3,VOLT MORA REGULAR LATA 473 ML 15,BODEGA Y PARTICULARES,"BODEGAS, TIENDAS",Regular,2022-08-16,old_client,BLINDAR,2,F1,2025-03-25,30,112,1792113,10742,1074,1,1
MX|0030|1792114,ENERGIZANTE,517262,3,VOLT MORA REGULAR LATA 473 ML 15,BODEGA Y PARTICULARES,"BODEGAS, TIENDAS",Regular,2022-08-16,old_client,BLINDAR,2,F1,2025-03-25,30,112,1792114,10742,1074,1,1
MX|0030|1792115,AGUA,522353,4,VIDA AGUA PET NO RETORNABLE 625 ML 12,BODEGA Y PARTICULARES,"BODEGAS, TIENDAS",Regular,2022-08-16,old_client,DESARROLLAR,2,F1,2025-03-25,30,112,1792115,10742,1074,1,1
MX|0030|1792115,ENERGIZANTE,599212,4,VOLT BLUEBERRY PET NO RETORNABLE 600 ML 12,BODEGA Y PARTICULARES,"BODEGAS, TIENDAS",Regular,2022-08-16,old_client,DESARROLLAR,2,F1,2025-03-25,30,112,1792115,10742,1074,1,2
MX|0030|1792117,ENERGIZANTE,522713,1,VOLT UVA LATA 473 ML 12,BODEGA Y PARTICULARES,"BODEGAS, TIENDAS",Regular,2022-08-16,old_client,DESARROLLAR,2,F1,2025-03-25,30,112,1792117,10742,1074,1,1
MX|0030|1792118,ENERGIZANTE,522713,3,VOLT UVA LATA 473 ML 12,BODEGA Y PARTICULARES,"BODEGAS, TIENDAS",Regular,2022-08-16,old_client,DESARROLLAR,2,F1,2025-03-25,30,112,1792118,10742,1074,1,1
MX|0030|1792118,ISOTONICA,598801,3,SPORADE MORA PET NO RETORNABLE 625 ML 6,BODEGA Y PARTICULARES,"BODEGAS, TIENDAS",Regular,2022-08-16,old_client,DESARROLLAR,2,F1,2025-03-25,30,112,1792118,10742,1074,7,2
MX|0030|1792118,NECTAR,622631,3,PULP MANZANA PET NO RETORNABLE 1000 ML 6,BODEGA Y PARTICULARES,"BODEGAS, TIENDAS",Regular,2022-08-16,old_client,DESARROLLAR,2,F1,2025-03-25,30,112,1792118,10742,1074,8,3
MX|0030|1792155,ENERGIZANTE,517140,3,VOLT GUARANA REGULAR LATA 473 ML 15,BODEGA Y PARTICULARES,"BODEGAS, TIENDAS",Regular,2022-08-16,old_client,DESARROLLAR,2,F1,2025-03-25,30,112,1792155,10742,1074,1,1
MX|0030|1792155,JUGOS LIGEROS,523278,3,CIFRUT MORA PET NO RETORNABLE 300 ML 15,BODEGA Y PARTICULARES,"BODEGAS, TIENDAS",Regular,2022-08-16,old_client,DESARROLLAR,2,F1,2025-03-25,30,112,1792155,10742,1074,2,2
MX|0030|1792155,ATUN,800054,3,D GUSSTO ATUN EN AGUA LATA 140 GRS 6,BODEGA Y PARTICULARES,"BODEGAS, TIENDAS",Regular,2022-08-16,old_client,DESARROLLAR,2,F1,2025-03-25,30,112,1792155,10742,1074,10,3
MX|0030|1792159,ISOTONICA,599565,2,SPORADE UVA PET NO RETORNABLE 625 ML 6,BODEGA Y PARTICULARES,"BODEGAS, TIENDAS",Regular,2022-08-16,old_client,DESARROLLAR,2,F1,2025-03-25,30,112,1792159,10742,1074,7,1
MX|0030|1792159,NECTAR,622631,2,PULP MANZANA PET NO RETORNABLE 1000 ML 6,BODEGA Y PARTICULARES,"BODEGAS, TIENDAS",Regular,2022-08-16,old_client,DESARROLLAR,2,F1,2025-03-25,30,112,1792159,10742,1074,8,2
MX|0030|1792160,ENERGIZANTE,517140,1,VOLT GUARANA REGULAR LATA 473 ML 15,,"BODEGAS, TIENDAS",Irregular,2022-08-16,old_client,DESARROLLAR,2,F1,2025-03-25,30,112,1792160,10742,1074,1,1
MX|0030|1792167,ENERGIZANTE,522512,1,VOLT PONCHE DE FRUTA LATA 473 ML 12,BODEGA Y PARTICULARES,"BODEGAS, TIENDAS",Regular,2022-08-16,old_client,DESARROLLAR,2,F1,2025-03-25,30,112,1792167,10742,1074,1,1
MX|0030|1792168,ENERGIZANTE,517140,1,VOLT GUARANA REGULAR LATA 473 ML 15,BODEGA Y PARTICULARES,"BODEGAS, TIENDAS",Regular,2022-08-16,old_client,DESARROLLAR,2,F1,2025-03-25,30,112,1792168,10742,1074,1,1
MX|0030|1792169,ENERGIZANTE,517263,4,VOLT MORA REGULAR PET NO RETORNABLE 400 ML 12,BODEGA Y PARTICULARES,"BODEGAS, TIENDAS",Regular,2022-08-16,old_client,BLINDAR,2,F1,2025-03-25,30,112,1792169,10742,1074,1,1
MX|0030|1792171,ENERGIZANTE,599228,2,VOLT FRUTOS DEL BOSQUE LATA 473 ML 12,BODEGA Y PARTICULARES,"BODEGAS, TIENDAS",Regular,2022-08-16,old_client,DESARROLLAR,2,F1,2025-03-25,30,112,1792171,10742,1074,1,1
MX|0030|1792171,ISOTONICA,516209,2,SPORADE PONCHE DE FRUTAS PET NO RETORNABLE 625 ml 6 pack,BODEGA Y PARTICULARES,"BODEGAS, TIENDAS",Regular,2022-08-16,old_client,DESARROLLAR,2,F1,2025-03-25,30,112,1792171,10742,1074,7,2
MX|0030|1792288,ENERGIZANTE,517263,1,VOLT MORA REGULAR PET NO RETORNABLE 400 ML 12,BODEGA Y PARTICULARES,"BODEGAS, TIENDAS",Regular,2022-08-16,old_client,DESARROLLAR,2,F1,2025-03-25,30,112,1792288,10742,1074,1,1
MX|0030|1792290,ENERGIZANTE,517146,2,VOLT GUARANA REGULAR PET NO RETORNABLE 400 ML 12,BODEGA Y PARTICULARES,"BODEGAS, TIENDAS",Regular,2022-08-16,old_client,DESARROLLAR,2,F1,2025-03-25,30,112,1792290,10742,1074,1,1
MX|0030|1792290,NECTAR,522633,2,PULP DURAZNO PET NO RETORNABLE 450 ML 12,BODEGA Y PARTICULARES,"BODEGAS, TIENDAS",Regular,2022-08-16,old_client,DESARROLLAR,2,F1,2025-03-25,30,112,1792290,10742,1074,8,2
MX|0030|1792335,ENERGIZANTE,517140,2,VOLT GUARANA REGULAR LATA 473 ML 15,BODEGA Y PARTICULARES,"BODEGAS, TIENDAS",Regular,2022-08-16,old_client,BLINDAR,2,F1,2025-03-25,30,112,1792335,10742,1074,1,1
MX|0030|1792336,ENERGIZANTE,517263,1,VOLT MORA REGULAR PET NO RETORNABLE 400 ML 12,,"BODEGAS, TIENDAS",Irregular,2022-08-16,old_client,BLINDAR,2,F1,2025-03-25,30,112,1792336,10742,1074,1,1
MX|0030|1792337,ENERGIZANTE,522512,4,VOLT PONCHE DE FRUTA LATA 473 ML 12,BODEGA Y PARTICULARES,"BODEGAS, TIENDAS",Regular,2022-08-16,old_client,BLINDAR,2,F1,2025-03-25,30,112,1792337,10742,1074,1,1
MX|0030|1792338,ENERGIZANTE,517140,1,VOLT GUARANA REGULAR LATA 473 ML 15,BODEGA Y PARTICULARES,"BODEGAS, TIENDAS",Regular,2022-08-16,old_client,DESARROLLAR,2,F1,2025-03-25,30,112,1792338,10742,1074,1,1
MX|0030|1792384,ENERGIZANTE,517262,1,VOLT MORA REGULAR LATA 473 ML 15,BODEGA Y PARTICULARES,"BODEGAS, TIENDAS",Regular,2022-08-16,old_client,DESARROLLAR,2,F1,2025-03-25,30,112,1792384,10742,1074,1,1
MX|0030|1792388,ENERGIZANTE,517262,1,VOLT MORA REGULAR LATA 473 ML 15,BODEGA Y PARTICULARES,"BODEGAS, TIENDAS",Regular,2022-08-16,old_client,DESARROLLAR,2,F1,2025-03-25,30,112,1792388,10742,1074,1,1
MX|0030|1792401,ENERGIZANTE,522713,4,VOLT UVA LATA 473 ML 12,,"BODEGAS, TIENDAS",Irregular,2022-08-16,old_client,BLINDAR,2,F1,2025-03-25,30,112,1792401,10742,1074,1,1
MX|0030|1792404,AGUA,522353,3,VIDA AGUA PET NO RETORNABLE 625 ML 12,FARMACIAS O BOTICAS,FARMACIAS / BOTICAS INDEPENDIENTES,Regular,2022-08-16,old_client,OPTIMIZAR,2,F1,2025-03-25,30,112,1792404,10742,1074,1,1
MX|0030|1792404,ENERGIZANTE,522713,3,VOLT UVA LATA 473 ML 12,FARMACIAS O BOTICAS,FARMACIAS / BOTICAS INDEPENDIENTES,Regular,2022-08-16,old_client,OPTIMIZAR,2,F1,2025-03-25,30,112,1792404,10742,1074,1,2
MX|0030|1792404,ATUN,800054,3,D GUSSTO ATUN EN AGUA LATA 140 GRS 6,FARMACIAS O BOTICAS,FARMACIAS / BOTICAS INDEPENDIENTES,Regular,2022-08-16,old_client,OPTIMIZAR,2,F1,2025-03-25,30,112,1792404,10742,1074,8,3
MX|0030|1792405,ENERGIZANTE,522512,2,VOLT PONCHE DE FRUTA LATA 473 ML 12,BODEGA Y PARTICULARES,"BODEGAS, TIENDAS",Regular,2022-08-16,old_client,BLINDAR,2,F1,2025-03-25,30,112,1792405,10742,1074,1,1
MX|0030|1792533,ENERGIZANTE,522512,1,VOLT PONCHE DE FRUTA LATA 473 ML 12,,"BODEGAS, TIENDAS",Irregular,2022-08-16,old_client,DESARROLLAR,2,F1,2025-03-25,30,112,1792533,10742,1074,1,1
MX|0030|1792534,ENERGIZANTE,599212,1,VOLT BLUEBERRY PET NO RETORNABLE 600 ML 12,,"BODEGAS, TIENDAS",Irregular,2022-08-16,old_client,DESARROLLAR,2,F1,2025-03-25,30,112,1792534,10742,1074,1,1
MX|0030|1792536,ENERGIZANTE,517263,3,VOLT MORA REGULAR PET NO RETORNABLE 400 ML 12,BODEGA Y PARTICULARES,"BODEGAS, TIENDAS",Regular,2022-08-16,old_client,BLINDAR,2,F1,2025-03-25,30,112,1792536,10742,1074,1,1
MX|0030|1792537,AGUA,522355,6,VIDA AGUA PET NO RETORNABLE 3000 ML 6,,"BODEGAS, TIENDAS",Irregular,2022-08-16,old_client,DESARROLLAR,2,F1,2025-03-25,30,112,1792537,10742,1074,1,1
MX|0030|1792537,ENERGIZANTE,522512,6,VOLT PONCHE DE FRUTA LATA 473 ML 12,,"BODEGAS, TIENDAS",Irregular,2022-08-16,old_client,DESARROLLAR,2,F1,2025-03-25,30,112,1792537,10742,1074,1,2
MX|0030|1792538,ENERGIZANTE,517140,1,VOLT GUARANA REGULAR LATA 473 ML 15,BODEGA Y PARTICULARES,"BODEGAS, TIENDAS",Regular,2022-08-16,old_client,DESARROLLAR,2,F1,2025-03-25,30,112,1792538,10742,1074,1,1
MX|0030|1792545,AGUA,522353,3,VIDA AGUA PET NO RETORNABLE 625 ML 12,BODEGA Y PARTICULARES,"BODEGAS, TIENDAS",Regular,2022-08-16,old_client,DESARROLLAR,2,F1,2025-03-25,30,112,1792545,10742,1074,1,1
MX|0030|1792545,ENERGIZANTE,522713,3,VOLT UVA LATA 473 ML 12,BODEGA Y PARTICULARES,"BODEGAS, TIENDAS",Regular,2022-08-16,old_client,DESARROLLAR,2,F1,2025-03-25,30,112,1792545,10742,1074,1,2
MX|0030|1792545,ATUN,800054,3,D GUSSTO ATUN EN AGUA LATA 140 GRS 6,BODEGA Y PARTICULARES,"BODEGAS, TIENDAS",Regular,2022-08-16,old_client,DESARROLLAR,2,F1,2025-03-25,30,112,1792545,10742,1074,10,3
MX|0030|1792547,ENERGIZANTE,599212,1,VOLT BLUEBERRY PET NO RETORNABLE 600 ML 12,,"BODEGAS, TIENDAS",Irregular,2022-08-16,old_client,BLINDAR,2,F1,2025-03-25,30,112,1792547,10742,1074,1,1
MX|0030|1792548,ENERGIZANTE,517263,2,VOLT MORA REGULAR PET NO RETORNABLE 400 ML 12,,"BODEGAS, TIENDAS",Irregular,2022-08-16,old_client,BLINDAR,2,F1,2025-03-25,30,112,1792548,10742,1074,1,1
MX|0030|1792550,ENERGIZANTE,517140,1,VOLT GUARANA REGULAR LATA 473 ML 15,FARMACIAS O BOTICAS,FARMACIAS / BOTICAS INDEPENDIENTES,Regular,2022-08-16,old_client,OPTIMIZAR,2,F1,2025-03-25,30,112,1792550,10742,1074,1,1
MX|0030|1792552,ENERGIZANTE,522512,2,VOLT PONCHE DE FRUTA LATA 473 ML 12,BODEGA Y PARTICULARES,"BODEGAS, TIENDAS",Regular,2022-08-16,old_client,OPTIMIZAR,2,F1,2025-03-25,30,112,1792552,10742,1074,1,1
MX|0030|1792552,ISOTONICA,598801,2,SPORADE MORA PET NO RETORNABLE 625 ML 6,BODEGA Y PARTICULARES,"BODEGAS, TIENDAS",Regular,2022-08-16,old_client,OPTIMIZAR,2,F1,2025-03-25,30,112,1792552,10742,1074,7,2
MX|0030|1792945,AGUA,522353,7,VIDA AGUA PET NO RETORNABLE 625 ML 12,BODEGA Y PARTICULARES,"BODEGAS, TIENDAS",Regular,2022-08-25,old_client,BLINDAR,2,F1,2025-03-25,30,84,1792945,11552,1155,1,1
MX|0030|1792947,ENERGIZANTE,517140,2,VOLT GUARANA REGULAR LATA 473 ML 15,BODEGA Y PARTICULARES,"BODEGAS, TIENDAS",Regular,2022-08-25,old_client,DESARROLLAR,2,F1,2025-03-25,30,84,1792947,11552,1155,1,1
MX|0030|1792947,NECTAR,622631,2,PULP MANZANA PET NO RETORNABLE 1000 ML 6,BODEGA Y PARTICULARES,"BODEGAS, TIENDAS",Regular,2022-08-25,old_client,DESARROLLAR,2,F1,2025-03-25,30,84,1792947,11552,1155,8,2
MX|0030|1792948,ENERGIZANTE,517262,8,VOLT MORA REGULAR LATA 473 ML 15,BODEGA Y PARTICULARES,"BODEGAS, TIENDAS",Regular,2022-08-25,old_client,OPTIMIZAR,2,F1,2025-03-25,30,84,1792948,11552,1155,1,1
MX|0030|1792948,CAFE,800060,8,D GUSSTO CAFE SUPREMO VIDRIO NO RETORNABLE 50 GRS 1,BODEGA Y PARTICULARES,"BODEGAS, TIENDAS",Regular,2022-08-25,old_client,OPTIMIZAR,2,F1,2025-03-25,30,84,1792948,11552,1155,2,2
MX|0030|1792948,ISOTONICA,516209,8,SPORADE PONCHE DE FRUTAS PET NO RETORNABLE 625 ml 6 pack,BODEGA Y PARTICULARES,"BODEGAS, TIENDAS",Regular,2022-08-25,old_client,OPTIMIZAR,2,F1,2025-03-25,30,84,1792948,11552,1155,7,3
MX|0030|1792948,NECTAR,522633,8,PULP DURAZNO PET NO RETORNABLE 450 ML 12,BODEGA Y PARTICULARES,"BODEGAS, TIENDAS",Regular,2022-08-25,old_client,OPTIMIZAR,2,F1,2025-03-25,30,84,1792948,11552,1155,8,4
MX|0030|1794299,ENERGIZANTE,517140,2,VOLT GUARANA REGULAR LATA 473 ML 15,BODEGA Y PARTICULARES,"BODEGAS, TIENDAS",Regular,2022-10-17,old_client,DESARROLLAR,2,F1,2025-03-25,30,112,1794299,10742,1074,1,1
MX|0030|1794299,ISOTONICA,598801,2,SPORADE MORA PET NO RETORNABLE 625 ML 6,BODEGA Y PARTICULARES,"BODEGAS, TIENDAS",Regular,2022-10-17,old_client,DESARROLLAR,2,F1,2025-03-25,30,112,1794299,10742,1074,7,2
MX|0030|1796385,ENERGIZANTE,522713,1,VOLT UVA LATA 473 ML 12,,"BODEGAS, TIENDAS",Irregular,2023-01-16,old_client,DESARROLLAR,2,F1,2025-03-25,30,112,1796385,10652,1065,1,1
MX|0030|1796430,ENERGIZANTE,517297,6,VOLT RED LATA 473 ML 12 PACK,BODEGA Y PARTICULARES,"BODEGAS, TIENDAS",Regular,2023-01-16,old_client,BLINDAR,2,F1,2025-03-25,30,84,1796430,11582,1158,1,1
MX|0030|1797884,ENERGIZANTE,522713,8,VOLT UVA LATA 473 ML 12,BODEGA Y PARTICULARES,"BODEGAS, TIENDAS",Regular,2023-02-24,old_client,BLINDAR,2,F1,2025-03-25,30,84,1797884,11552,1155,1,1
MX|0030|1797890,ENERGIZANTE,599228,1,VOLT FRUTOS DEL BOSQUE LATA 473 ML 12,BODEGA Y PARTICULARES,"BODEGAS, TIENDAS",Regular,2023-02-24,old_client,DESARROLLAR,2,F1,2025-03-25,30,84,1797890,11582,1158,1,1
MX|0030|1812317,ENERGIZANTE,522512,4,VOLT PONCHE DE FRUTA LATA 473 ML 12,BODEGA Y PARTICULARES,"BODEGAS, TIENDAS",Regular,2023-10-04,old_client,DESARROLLAR,2,F1,2025-03-25,30,84,1812317,11552,1155,1,1
MX|0030|1812317,ISOTONICA,599587,4,SPORADE MORA PET NO RETORNABLE 1000 ML 6,BODEGA Y PARTICULARES,"BODEGAS, TIENDAS",Regular,2023-10-04,old_client,DESARROLLAR,2,F1,2025-03-25,30,84,1812317,11552,1155,7,2
MX|0030|1812317,NECTAR,522633,4,PULP DURAZNO PET NO RETORNABLE 450 ML 12,BODEGA Y PARTICULARES,"BODEGAS, TIENDAS",Regular,2023-10-04,old_client,DESARROLLAR,2,F1,2025-03-25,30,84,1812317,11552,1155,8,3
MX|0030|1812318,AGUA,522355,6,VIDA AGUA PET NO RETORNABLE 3000 ML 6,BODEGA Y PARTICULARES,"BODEGAS, TIENDAS",Regular,2023-10-04,old_client,MANTENER,2,F1,2025-03-25,30,84,1812318,11582,1158,1,1
MX|0030|1812318,ENERGIZANTE,517146,6,VOLT GUARANA REGULAR PET NO RETORNABLE 400 ML 12,BODEGA Y PARTICULARES,"BODEGAS, TIENDAS",Regular,2023-10-04,old_client,MANTENER,2,F1,2025-03-25,30,84,1812318,11582,1158,1,2
MX|0030|1813263,ENERGIZANTE,517297,6,VOLT RED LATA 473 ML 12 PACK,BODEGA Y PARTICULARES,"BODEGAS, TIENDAS",Regular,2023-10-16,old_client,BLINDAR,2,F1,2025-03-25,30,84,1813263,11582,1158,1,1
MX|0030|1813950,AGUA,522352,1,VIDA AGUA PET NO RETORNABLE 1000 ML 12,BODEGA Y PARTICULARES,"BODEGAS, TIENDAS",Regular,2023-10-27,old_client,OPTIMIZAR,2,F1,2025-03-25,30,84,1813950,11582,1158,1,1
MX|0030|1819734,ENERGIZANTE,522512,4,VOLT PONCHE DE FRUTA LATA 473 ML 12,BODEGA Y PARTICULARES,"BODEGAS, TIENDAS",Regular,2023-11-10,old_client,BLINDAR,2,F1,2025-03-25,30,112,1819734,10652,1065,1,1
MX|0030|1819816,ENERGIZANTE,517140,1,VOLT GUARANA REGULAR LATA 473 ML 15,BODEGA Y PARTICULARES,"BODEGAS, TIENDAS",Regular,2023-11-14,old_client,OPTIMIZAR,2,F1,2025-03-25,30,84,1819816,11552,1155,1,1
MX|0030|1823501,ENERGIZANTE,522512,2,VOLT PONCHE DE FRUTA LATA 473 ML 12,BODEGA Y PARTICULARES,"BODEGAS, TIENDAS",Regular,2024-04-08,new_client,BLINDAR,2,F1,2025-03-25,30,112,1823501,10742,1074,1,1
MX|0030|1823502,ISOTONICA,598801,1,SPORADE MORA PET NO RETORNABLE 625 ML 6,BODEGA Y PARTICULARES,"BODEGAS, TIENDAS",Regular,2024-04-08,new_client,DESARROLLAR,2,F1,2025-03-25,30,112,1823502,10742,1074,7,1
MX|0030|1823503,ISOTONICA,598801,2,SPORADE MORA PET NO RETORNABLE 625 ML 6,,GIMNASIO TRADICIONAL,Irregular,2024-04-08,new_client,OPTIMIZAR,2,F1,2025-03-25,30,112,1823503,10742,1074,1,1
MX|0030|1823503,ENERGIZANTE,517263,2,VOLT MORA REGULAR PET NO RETORNABLE 400 ML 12,,GIMNASIO TRADICIONAL,Irregular,2024-04-08,new_client,OPTIMIZAR,2,F1,2025-03-25,30,112,1823503,10742,1074,2,2
MX|0030|1823504,ISOTONICA,516209,1,SPORADE PONCHE DE FRUTAS PET NO RETORNABLE 625 ml 6 pack,BODEGA Y PARTICULARES,"BODEGAS, TIENDAS",Regular,2024-04-08,new_client,DESARROLLAR,2,F1,2025-03-25,30,112,1823504,10742,1074,7,1
MX|0030|1823505,ISOTONICA,516209,2,SPORADE PONCHE DE FRUTAS PET NO RETORNABLE 625 ml 6 pack,BODEGA Y PARTICULARES,"BODEGAS, TIENDAS",Regular,2024-04-08,new_client,DESARROLLAR,2,F1,2025-03-25,30,112,1823505,10742,1074,7,1
MX|0030|1823773,ENERGIZANTE,522713,3,VOLT UVA LATA 473 ML 12,,"BODEGAS, TIENDAS",Irregular,2024-04-12,new_client,OPTIMIZAR,2,F1,2025-03-25,30,112,1823773,10742,1074,1,1
MX|0030|1823773,CAFE,800069,3,D GUSSTO CAFE SUPREMO 30GR X 10 PZAS,,"BODEGAS, TIENDAS",Irregular,2024-04-12,new_client,OPTIMIZAR,2,F1,2025-03-25,30,112,1823773,10742,1074,2,2
MX|0030|1823773,NECTAR,622631,3,PULP MANZANA PET NO RETORNABLE 1000 ML 6,,"BODEGAS, TIENDAS",Irregular,2024-04-12,new_client,OPTIMIZAR,2,F1,2025-03-25,30,112,1823773,10742,1074,8,3
MX|0030|1824146,NECTAR,522633,1,PULP DURAZNO PET NO RETORNABLE 450 ML 12,BODEGA Y PARTICULARES,"BODEGAS, TIENDAS",Regular,2024-04-24,new_client,DESARROLLAR,2,F1,2025-03-25,30,112,1824146,10742,1074,8,1
MX|0030|1824166,ENERGIZANTE,517262,2,VOLT MORA REGULAR LATA 473 ML 15,,"BODEGAS, TIENDAS",Irregular,2024-04-24,new_client,BLINDAR,2,F1,2025-03-25,30,84,1824166,11552,1155,1,1
MX|0030|1826633,ENERGIZANTE,517262,1,VOLT MORA REGULAR LATA 473 ML 15,BODEGA Y PARTICULARES,"BODEGAS, TIENDAS",Regular,2024-08-12,new_client,OPTIMIZAR,2,F1,2025-03-25,30,84,1826633,11552,1155,1,1
MX|0030|1827085,ENERGIZANTE,517263,1,VOLT MORA REGULAR PET NO RETORNABLE 400 ML 12,NEGOCIOS INDEPENDIENTES,RESTAURANT TRADICIONAL,Regular,2024-09-04,new_client,OPTIMIZAR,2,F1,2025-03-25,30,84,1827085,11552,1155,1,1
